<?xml version="1.0" encoding="utf-8"?>
 
<!--#Boundary conditions: the same total number of scenarios should be prescribed for soil, xylem and cells
                          The first scenario is currently "forced" as it is used to calculate the kr and STF intrinsic properties-->
<properties>
    <!-- Path to the folders of different scenarios, note that the listed scenarios are gathered in the same folder -->
    <path_scenarios>
        <Output path='Washin_washout/'/>
    </path_scenarios>
    
    <!-- Soil water potentials
         Units: hPa
         Left and right osmotic potential allow creating a continuous gradient of osmotic potentials accross root surface and cortex (if no Casparian strip was developped in the exodermis)
         osmotic symmetry controls gradients of apoplastic osmotic potentials (1: linear left-right gradient; 2: linear central symmetry, where "right" stands for the inner part of the cortex)-->
    <Psi_soil_range>
        <osmotic_convection flag="0"/>
        <osmotic_diffusivity value="0"/>
        <Psi_soil pressure_left="0.0"   pressure_right="0.0"     osmotic_left="0.0"	osmotic_right="0.0"	osmotic_symmetry="1"	osmotic_shape="1"/>
        <Psi_soil pressure_left="0.0"   pressure_right="0.0"     osmotic_left="0.0"	osmotic_right="0.0"	osmotic_symmetry="1"	osmotic_shape="1"/>
    </Psi_soil_range>
    
    <!-- Xylem boundary conditions
         Units: hPa (pressure) or cm^3/d (flow rate, positive when transpiring)
         deltaP is a boundary pressure condition set as compared to the xylem equilibrium pressure (hPa). This boundary condition can only be used after a no-flow BC scenario.
         In case of flux BC, there can either be xylem outflow on the proximal side only (then flowrate_dist should be null), or on both sides (positive being towards the shoot)
         -1.5E3 osmotic: Reference treatment (Enns et al., 2000)
         -2.2E3 osmotic: KNO3 treatment to help guttation (Enns et al., 2000)
         100% transpiration (4 mm from barrier) = 0.00507024 * 15 * 30 mm / 21 mm = 0.108648
         The xylem osmotic potential propagates throughout stelar walls -->
    <BC_xyl_range>
        <osmotic_convection flag="0"/>
        <osmotic_diffusivity value="0"/>
        <BC_xyl pressure_prox="-5.0E3"   deltaP_prox="nan"	pressure_dist="nan"	    flowrate_prox="nan"			flowrate_dist="nan"			osmotic_endo="0.0"	osmotic_xyl="0.0"	osmotic_symmetry="1"	osmotic_shape="1"/> <!-- Used to calculate kr -->
        <BC_xyl pressure_prox="nan"	  deltaP_prox="nan"	pressure_dist="nan"	    flowrate_prox="5.00000000000e-003"	flowrate_dist="0.0000000"	osmotic_endo="0.0"	osmotic_xyl="0.0"	osmotic_symmetry="1"	osmotic_shape="1"/> <!-- 4 mm default transpiration flowrate_prox="0.00507024"	flowrate_dist="0.00411957 -->
    </BC_xyl_range>
    
    <!-- Phloem sieve tubes water potentials
         Units: hPa (pressure) or cm^3/d (flow rate, positive when absorbing water from the cross-section into sieve elements)
         -1.42E4 osmotic: Barley phloem (Pritchard, 1996)
          1.1E4 pressure: Barley phloem, estimation (Pritchard, 1996)
         -1.26E4 osmotic: Arabidopsis phloem (Hall et al., 2006) Melting point-depression
         If nan pressure & deltaP & flowrate: no phloem BC
         If both flowrate_*==0.0 and Barrier>0 (differentiation zone): no flux in phloem
         If both flowrate_*==0.0 and Barrier==0 (elongation zone): phloem source equals elongation sink, no soil water involved -->
    <BC_sieve_range>
        <BC_sieve pressure_prox="0.8E4"  deltaP_prox="nan"	pressure_dist="nan"	flowrate_prox="nan"	flowrate_dist="nan"  osmotic="0.0"    />
        <BC_sieve pressure_prox="nan"    deltaP_prox="nan"	pressure_dist="nan"	flowrate_prox="nan"	flowrate_dist="nan"  osmotic="-8.0E3" />
    </BC_sieve_range>
    
    <!-- Cellular protoplasts osmotic potentials
         Units: hPa
         Os_cortex is the cortical cell osmotic potential
         -8.0E3: Reference treatment (Enns et al., 2000)
         -1.26E4: KNO3 treatment to help guttation (Enns et al., 2000)
         Os_hetero can generate heterogeneity in cell osmotic potential distribution
         0: Uniform
         1: non-uniform, reference treatment (Enns et al., 2000)
         2: non-uniform, with KNO3 treatment to help guttation (Enns et al., 2000)
         3: Simple test with uniform osmotic potential in pericycle and stele at -5000 hPa)
       & Reflection coefficients
             s_hetero (unitless)
             0: Uniform
             1: Non-uniform, stele twice more permeable to solute
             2: Non-uniform, cortex twice more permeable to solute
             s_factor  (unitless)
             0->1: multiplies all reflection coefficients -->
    <Psi_cell_range>
        <Psi_cell Os_cortex="0.0"    Os_hetero="0" s_hetero="0" s_factor="1.0"/>
        <Psi_cell Os_cortex="-8.0E3" Os_hetero="0" s_hetero="0" s_factor="1.0"/>
    </Psi_cell_range>
    
    <!-- Cell elongation rate
         "midpoint_rate" units: cm/d
         0.034 cm/d: Beemster and Baskin, 1998
         "side_rate_difference" units: cm/d, positive if more elongation to the right of the cross-section, negative otherwise
         0.0072 cm/d: Draft Dietrich et al.
         "kappa_dot" units: radian/micron/d
         0.000007 radian/micron/d: .......... -->
    <Elong_cell_range>
        <Elong_cell midpoint_rate="0" 	 side_rate_difference="0"  /> <!-- kappa_dot="0.000007" -->
        <Elong_cell midpoint_rate="0" 	 side_rate_difference="0"  />
    </Elong_cell_range>
    
    <!-- Relative volume of water in symplast and in apoplast
         Units: dimensionless
         Cellulosic wall volumetric water content
         0.69: Extract from eucalyptus leaves (Gaff and Carr, 1961)
         Cell protoplast volumetric water content
         0.7: Assumed to have the density of 1 molar sucrose (Gaff and Carr, 1961) + http://homepages.gac.edu/~cellab/chpts/chpt3/table3-2.html
         -->
    <Water_fractions Symplast="0.7" Apoplast="0.69"/>
</properties>
