<?xml version="1.0" encoding="utf-8"?>
 
<param>
        <!-- Plant type -->
        <Plant value='Arabido' /> <!--#Maize / Arabido / Millet / Barley /-->
        
        <!-- Image path and properties -->
        <path value='Daniela/Arabido4bis.xml' />
        <im_scale value="0.16" /> <!--image scale (micron per pixel)-->
        
        <!-- Maturity level
        0: No apoplastic barriers
        1: Endodermal Casparian strip (radial walls)
        2: Endodermal suberization except at passage cells
        3: Endodermis full suberization
        4: Endodermis full suberization and exodermal Casparian strip (radial walls)
        5: Endodermal and exodermal Casparian strips (radial walls) -->
        <Maturityrange> <!-- All the listed barrier types will be simulated and reported in separate files "***b1", "***b2", "***b3",... -->
            <Maturity Barrier="1" height="100" Nlayers="1"/>
            <Maturity Barrier="1" height="100" Nlayers="4"/>
            <Maturity Barrier="1" height="100" Nlayers="5"/>
            <Maturity Barrier="3" height="100" Nlayers="5"/>
        </Maturityrange>
        <Printrange>
            <Print_layer value="12"/>
        </Printrange>
        <Xwalls value="1" /> <!-- 0: No transverse walls in the 2D simulations; 1: Transverse walls included in 2D simulations -->
        <PileUp value="2" /> <!-- 0: Simulating different levels of maturity separately (2D); 1: Simulating different levels of maturity separately but with continuous boundary conditions (3D); Simultaneously solving flow across all fully connected levels of maturity (full 3D) -->
        
        <!-- Topological info (passage cells and intercellular spaces) -->
        <passage_cell_range>
            <passage_cell id="-1" /> <!-- ID number of passage cells in the endodermis, ideally in front of early metaxylem vessels --> 
        </passage_cell_range>
        <aerenchyma_range>
            <aerenchyma id="-1" /> <!-- ID number of aerenchyma "cells" in the cortex -->
        </aerenchyma_range>
        <InterC_perim_search value="0" /> <!-- 0: no search of intercellular spaces based on their perimeter; 1: search of intercellular spaces based on their perimeter -->
        <InterC_perim1 value="0" /> <!-- (micrometers) threshold for maximum perimeter of intercellular spaces in first cortical cell layers (next to endodermis) -->
        <InterC_perim2 value="0" /> <!-- (micrometers) threshold for maximum perimeter of intercellular spaces in 2nd cortical cell layers (next to endodermis) -->
        <InterC_perim3 value="0" /> <!-- (micrometers) ... -->
        <InterC_perim4 value="0" /> <!-- (micrometers) ... -->
        <InterC_perim5 value="0" /> <!-- (micrometers) ... -->
        <kInterC value="0.0" /> <!-- 0 for air-filled intercellular spaces / inf for water-filled intercellular spaces -->
        
        <!-- Geometrical info -->
        <cell_per_layer cortex="nan" stele="nan"/>
        <diffusion_length cortex="nan" stele="nan"/>  <!-- (microns) -->
        
        <!-- Cell wall properties -->
        <thickness value="0.2" /> <!-- Double cell wall thickness (microns) Andeme-Onzighi et al. (2002)) -->
        
        <!-- Plasmodesmata geometrical properties -->
        <PD_section value="7.47E-5" /> <!-- PD open cross-section (microns^2) (Ehlers and Bel, 1999; Ehlers and Kollmann, 2001) -->
        
        <!-- Were xylem vessels cut in smaller pieces (debug) -->
        <Xylem_pieces flag="0" /> <!-- 0: No; 1: Yes -->
</param>
