<?xml version="1.0" encoding="utf-8"?>
<!-- Hydraulic options -->
 
<param>
        <!-- Path to the folders of different hydraulic scenarios -->
        <path_hydraulics> <!-- By order of selected property: Xcontact / leakiness / kw / Kpd / kAQP -->
            <Output path='Optim_traces2/'/>
        </path_hydraulics>
        <!-- Cell wall hydraulic conductivity
             Review in Transport in plants II: Part B Tissues and Organs, A. Lauchli: 1. Apoplasmic transport in tissues
             Units: cm^2/hPa/d
             6.6E-03: Soybean hypocotyl Steudle and Boyer (1985)
			    2.4E-04: Zhu and Steudle (1991)
             1.2E-05: Nitella cell Tyree (1968)
             6.0E-06: Nitella cell walls Zimmermann and Steudle (1975)
             1.3E-7:  Cellulose wall Briggs (1967) for thickness of 1.5 micron
             1.8E-9:  Maize root cell wall Tyree (1973) for thickness of 1.5 micron -->
        <kwrange>
            <kw value="2.160000000e-007" /> <!-- hydraulic conductivity of standard walls -->
        </kwrange>
        <!-- Apoplastic barrier conductivity
             Units: cm^2/hPa/d
             4.3E-07: 1 nanometer pores, Poiseuille law
             1.0E-16: Virtually impermeable
             Casp concerns the hydraulic conductivity of lignin in radial walls of "gatekeeper cells" (endodermis/exodermis), while "Sub" concerns the hydraulic conductivity of suberized secondary walls-->
        <kw_barrier_range> <!-- hydraulic conductivity of suberised and lignified walls -->
            <kw_barrier Casp="2.160000000e-007" Sub="1.0E-16" />
            <kw_barrier Casp="2.160000000e-007" Sub="1.0E-16" />
            <kw_barrier Casp="2.160000000e-007" Sub="1.0E-16" />
            <kw_barrier Casp="2.160000000e-007" Sub="1.0E-16" />
        </kw_barrier_range>
        
        <!-- Cell membrane permeability, with separate contribution of the biphospholipid layer (km) and AQP (kAQP)
             Attention, kaqp==0 is used as flag for each air-filled intercellular space, and cancels any flow across the membrane (as if km was equal to 0 too)
             For knocked out AQPs, please use a very small value, such as 1.0E-16
             Units: cm/hPa/d
             6.8E-5 to 1.9E-4: Lp Steudle and Jeschke (1983)
             4.3E-4: kAQP Elhert et al. (2009), difference in maize cell hydraulic conductivity between control and acid-treated cells (AQP closed)
             3.0E-5: km after removal of kAQP and kpl from Elhert et al. (2009) and Bret-Hart and Silk (1994)-->
        <km value="3.0E-5" />
        <kAQPrange>
            <kAQP value="4.680000000e-004"  epi_factor="1.0" exo_factor="1.0" cortex_factor="1.0" endo_factor="1.0" stele_factor="1.0" />
        </kAQPrange>
        <ratio_cortex value="1.0"/> <!-- (-) ratio of cell membranes hydraulic conductivity between inner and outer cortex -->
 
        <!-- Individual plasmodesma conductance and plasmodesmatal frequency
             Kpl Units: cm^3/hPa/d/plasmodesmata
             9.1E-13: Very low Kpl (extrapolation)
             5.3E-12: Geometrical average from Bret-Hart and Silk (1994)
             3.1E-11: Estimation from Ginsburg & Ginzburg (1970)
             
             Frequency*height is the conserved quantity when height changes (default height in measured tissue assumed to be 100 microns)
             Measurements reported below come from elongated maize cell (~100 microns)
             Fpl by height Units: plasodesmata*cm/cm^2
             3.5E5: Default average (0.35/micron^2 * 100 microns)
             1.3E5: height * Plasmodesmal frequency between epidermis and cortex from Zhu et al. (1998)
             5.1E5: height * Plasmodesmal frequency between cortex and cortex from Zhu et al. (1998)
             2.6E5: height * Plasmodesmal frequency between cortex and endodermis from Zhu et al. (1998)
             3.1E5: height * Plasmodesmal frequency between endodermis and endodermis from Zhu et al. (1998)
             3.0E5: height * Plasmodesmal frequency between endodermis and pericycle from Zhu et al. (1998)
             3.5E5: height * Plasmodesmal frequency between stele and stele (parenchyma) from Zhu et al. (1998) -->
        <Kplrange>
            <Kpl value="9.110000000e-013" cortex_factor="1.0" PCC_factor="1.0" PPP_factor="1.0" PST_factor="1.0" />
        </Kplrange>
        <Freq_source value="1"/> <!-- 1: Hydraulics file (based on tissue type); 2: CellSet output file (wall per wall) -->
        <Freq_factor value="1.0"/> <!-- Multiplies all PD frequencies -->
        <Fplxheight value="3.5E5"/> <!-- Default height * plasmodesmatal frequency -->
        <Fplxheight_epi_exo value="3.5E5"/> 
        <Fplxheight_outer_cortex value="1.3E5"/>
        <Fplxheight_cortex_cortex value="5.1E5"/>
        <Fplxheight_cortex_endo value="2.6E5"/>
        <Fplxheight_endo_endo value="3.1E5"/>
        <Fplxheight_endo_peri value="3.0E5"/>
        <Fplxheight_peri_peri value="3.5E5"/>
        <Fplxheight_peri_stele value="3.5E5"/>
        <Fplxheight_stele_stele value="3.5E5"/>
        <Fplxheight_stele_comp value="3.5E5"/>
        <Fplxheight_peri_comp value="3.5E5"/>
        <Fplxheight_comp_comp value="3.5E5"/>
        <Fplxheight_comp_sieve value="9.0E5"/>
        <Fplxheight_peri_sieve value="3.5E5"/>
        <Fplxheight_stele_sieve value="3.5E5"/>
        <Defheight value="100"/> <!-- Default height (microns) -->
        
        <!-- Axial conductances (cm^3/hPa/d) -->
        <Kax_source value="1"/> <!-- 1: Poiseuille law (based on cross-section area); 2: Prescribed here below (for all sieve tubes, and vessel per vessel) -->
        <K_sieve_range> <!-- Xylem vessel hydraulic conductance (cm^3/hPa/d) -->
            <K_sieve id="38" value="4.0E-5"/> <!-- raw estimation -->
            <K_sieve id="40" value="4.0E-5"/>
            <K_sieve id="50" value="4.0E-5"/>
            <K_sieve id="55" value="4.0E-5"/>
        </K_sieve_range>
        <K_xyl_range> <!-- Xylem vessel hydraulic conductance (cm^3/hPa/d) -->
            <K_xyl id="24" value="1.1E-03"/> <!-- estimation based on transverse surface area -->
            <K_xyl id="29" value="6.7E-03"/>
            <K_xyl id="43" value="4.5E-03"/>
            <K_xyl id="51" value="8.0E-03"/>
            <K_xyl id="67" value="7.6E-04"/>
        </K_xyl_range>
        
        <!-- Xcontact (microns) is the X threshold coordinate of contact between soil and root (lower X not in contact with soil)  -->
        <!-- Note that contact is also dealt with in the *Geometry.xml input file where the id's of cells in contact with the soil are listed  -->
        <Xcontactrange>
            <Xcontact value="0"/> <!-- Arabido1: 120 microns includes 1 cell, 109 microns includes 5 cells to the right -->
            <Xcontact value="0"/> <!-- Arabido1: 120 microns includes 1 cell, 109 microns includes 5 cells to the right -->
            <Xcontact value="99999"/> <!-- Arabido1: 120 microns includes 1 cell, 109 microns includes 5 cells to the right -->
            <Xcontact value="0"/> <!-- Arabido1: 120 microns includes 1 cell, 109 microns includes 5 cells to the right -->
        </Xcontactrange>
</param>
